{
    "tests": [
        {
            "traceback": "AssertionError: False is not true : Your naked_twins function produced an unexpected board.\n",
            "result": "F",
            "description": "the naked_twins method applies the 'naked twins' heuristic.",
            "advice": "Try the following example and see what happens:\n{\"A7\": \"234568\", \"A4\": \"34568\", \"E4\": \"2\", \"G4\": \"345678\", \"I4\": \"345678\", \"H2\": \"12345678\", \"G9\": \"24578\", \"B1\": \"2345689\", \"E6\": \"4\", \"B7\": \"2345678\", \"I2\": \"2345678\", \"F3\": \"24\", \"H1\": \"23456789\", \"C9\": \"124578\", \"E7\": \"9\", \"F7\": \"58\", \"I7\": \"1\", \"C8\": \"3456789\", \"B3\": \"1234569\", \"I1\": \"2345678\", \"B5\": \"23456789\", \"I3\": \"23456\", \"B6\": \"236789\", \"H8\": \"345678\", \"G6\": \"1236789\", \"E8\": \"1\", \"C3\": \"1234569\", \"A9\": \"2458\", \"D6\": \"5\", \"H9\": \"24578\", \"A3\": \"7\", \"F6\": \"37\", \"H4\": \"345678\", \"G5\": \"23456789\", \"D1\": \"36\", \"I9\": \"9\", \"G3\": \"1234569\", \"F5\": \"37\", \"E1\": \"567\", \"D2\": \"9\", \"G7\": \"2345678\", \"A5\": \"1\", \"H7\": \"2345678\", \"I8\": \"345678\", \"I5\": \"2345678\", \"G1\": \"23456789\", \"B2\": \"1234568\", \"D3\": \"8\", \"C5\": \"23456789\", \"E2\": \"567\", \"C4\": \"345678\", \"A8\": \"345689\", \"G8\": \"345678\", \"F9\": \"6\", \"F2\": \"24\", \"H6\": \"1236789\", \"F8\": \"58\", \"C2\": \"1234568\", \"I6\": \"23678\", \"E9\": \"3\", \"A6\": \"23689\", \"H3\": \"1234569\", \"H5\": \"23456789\", \"F1\": \"1\", \"D7\": \"47\", \"A1\": \"2345689\", \"D4\": \"1\", \"C7\": \"2345678\", \"C1\": \"2345689\", \"A2\": \"234568\", \"C6\": \"236789\", \"B4\": \"345678\", \"E3\": \"56\", \"D5\": \"36\", \"D8\": \"2\", \"B9\": \"124578\", \"E5\": \"678\", \"D9\": \"47\", \"G2\": \"12345678\", \"F4\": \"9\", \"B8\": \"3456789\"}",
            "rubric_item_id": "5531",
            "message": "Your naked_twins function produced an unexpected board."
        },
        {
            "traceback": "Traceback (most recent call last):\nTypeError: argument of type 'NoneType' is not iterable\n\nDuring handling of the above exception, another exception occurred:\n\nAssertionError: The solution was not in the correct format.\n",
            "result": "F",
            "description": "the solve method produces a valid solution.",
            "advice": "Try your code on the following example:\n9.1....8.8.5.7..4.2.4....6...7......5..............83.3..6......9................\n",
            "rubric_item_id": "5530",
            "message": "The solution was not in the correct format."
        },
        {
            "traceback": "",
            "result": ".",
            "description": "the README has been modified.",
            "advice": null,
            "rubric_item_id": null,
            "message": null
        }
    ]
}